News_Scenario,Structural_Scenario,Bias,Narrative
1. Hawkish Fed Pivot,3. Waterfall Liquidation,Bearish,"The market transitioned from a sector-specific 'AI Scare' into a full-scale systemic deleveraging event following the release of hawkish Fed minutes. The narrative shift was violent: the market moved from debating the timing of rate cuts to pricing in the risk of renewed rate hikes, a scenario that caught institutional positioning off-guard. This 'Macro Shock' triggered a cascade liquidation in the S&P 500, which gapped down 3% and sliced through the 495 support level without any evidence of buyer participation. The price action suggests a regime of aggressive institutional de-grossing, as the 'High for Longer' mantra evolved into a fear of 'High and Rising' yields, effectively paralyzing the risk-on appetite that had characterized the start of the year."
1. Hawkish Fed Pivot,2. V-Bottom Recovery,Neutral,"The session was defined by a high-volatility 'shakeout' as the market grappled with hawkish Fed minutes signaling a potential return to rate hikes. An initial violent liquidation saw the S&P 500 plunge toward major demand zones at 495, but this aggressive selling was met with significant institutional support. The resulting V-shaped recovery, which saw SPY reclaim its opening losses to settle back above the 500 level, suggests a market that is currently unwilling to commit to a deeper bearish breakdown despite the 'Higher for Longer' narrative and spiking yields. This price discovery process indicates a transition from the prior session's fearful liquidation into a state of high-stakes equilibrium, where buyers are defending key psychological floors even as macro headwinds intensify."
1. Hawkish Fed Pivot,1. Vertical Ascension,Bullish,"The market session opened with a startling defiance of hawkish Federal Reserve rhetoric, staging a high-conviction 'rejection' trade. Despite Fed minutes revealing an openness to potential rate hikes due to 'sticky inflation'â€”a catalyst that typically triggers broad liquidationâ€”the SPY exhibited a vertical pre-market lift, gapping from 500 to 508 with total institutional acceptance. This price action suggests the previous session's 'AI Scare' may have reached a point of temporary exhaustion, sparking an aggressive short-covering rally. Investors appear to be decoupling from the 'High for Longer' macro headwind, focusing instead on price discovery in a session characterized by a 'climb the wall of worry' dynamic. The narrative has shifted from fearful liquidation to a resilient hunt for value, though the lack of broader index and sector data necessitates caution regarding the move's overall breadth."
1. Hawkish Fed Pivot,5. Tight Compression,Bearish,"The market is currently paralyzed in a defensive, low-volume standoff as investors digest hawkish FOMC minutes against the backdrop of last week's 'AI Scare' liquidation. The Fed's pivot toward a 'High for Longer' stanceâ€”and the explicit threat of potential rate hikesâ€”has sent yields spiking across the curve, effectively freezing equity price discovery. While the SPY is holding its baseline at the $500 psychological level, the lack of any meaningful 'buy-the-dip' response following the previous session's $1.2 trillion wipeout suggests institutional conviction is severely impaired. The narrative has shifted from a localized tech correction to a broader macro concern regarding sticky inflation and the erosion of the 'Fed Put,' keeping risk appetite suppressed."
1. Hawkish Fed Pivot,4. Open Sky Gap,Neutral,"Today's session opened with a significant bullish surprise, as SPY gapped up over 2% and was immediately accepted into a new price discovery zone, trading at $512.0 compared to yesterday's close of $500.0. This strong price action occurred despite the release of hawkish Fed minutes, which revealed deep concerns over sticky inflation, hints of 'High for Longer' rates, and even a potential hike, causing yields to spike across the curve. The market's ability to not only shrug off but actively rally against such a bearish catalyst suggests a powerful underlying resilience or a rapid re-evaluation of the previous session's 'AI Scare' liquidation. While the lack of data for other major indices and inter-market assets prevents a full confirmation of broad participation or the specific drivers of this strength, SPY's move represents a clear rejection of immediate bearish implications, creating a contradictory environment where hawkish monetary policy is met with bullish equity response."
1. Hawkish Fed Pivot,6. Bull Trap,Bearish,"The market narrative has shifted from a localized 'AI Scare' to a broader 'Macro Shock' as hawkish Fed minutes shattered hopes of a near-term policy pivot. The revelation that governors are weighing a potential rate hike in the face of sticky inflation acted as a catalyst for a violent 'Bull Trap' in the S&P 500. Early attempts to bid the market higher were aggressively met by institutional selling at the $505 resistance level, leading to a total collapse of the intraday relief rally. This price action suggests that the 'Sell the Rip' regime is firmly entrenched, as spiking yields across the curve force a fundamental repricing of equity risk premiums and duration-sensitive assets."
1. Hawkish Fed Pivot,7. Bull Flag,Error,"Error: Failed after 3 attempts.

ðŸ“‹ **Attempt Log:**
Key 'arshad.emad@05': 429 Rate Limit - {
  ""error"": {
    ""code"": 429,
    ""message"": ""Resource has been exhausted (e.g. check quota)."",
    ""status"": ""RESOURCE_EXHAUSTED""
  }
}

Key 'arshad.emad@02': 400 - {
  ""error"": {
    ""code"": 400,
    ""message"": ""API key expired. Please renew the API key."",
    ""status"": ""INVALID_ARGUMENT"",
    ""details"": [
      {
        ""@type"": ""type.googleapis.com/google.rpc.ErrorInfo"",
        ""reason"": ""API_KEY_INVALID"",
        ""domain"": ""googleapis.com"",
        ""metadata"": {
          ""service"": ""generativelanguage.googleapis.com""
        }
      },
      {
        ""@type"": ""type.googleapis.com/google.rpc.LocalizedMessage"",
        ""locale"": ""en-US"",
        ""message"": ""API key expired. Please renew the API key.""
      }
    ]
  }
}

Key 'ghf44378@01': 429 Rate Limit - {
  ""error"": {
    ""code"": 429,
    ""message"": ""Resource has been exhausted (e.g. check quota)."",
    ""status"": ""RESOURCE_EXHAUSTED""
  }
}
"
1. Hawkish Fed Pivot,8. High Volume Shakeout,Volatile,"Today's session was characterized by extreme volatility and institutional indecision, as the market grappled with a significantly hawkish shift from the Federal Reserve. Minutes revealed deep concerns over sticky inflation, with several governors hinting at a 'High for Longer' rate environment and even the potential for further hikes. This powerful bearish catalyst, coming on the heels of a $1.2 trillion 'AI Scare' liquidation, triggered violent 1% swings in the S&P 500. However, despite the escalating rate concerns, SPY ultimately settled unchanged from its open, signaling that while fear remains palpable, institutional capital is not yet committing to a sustained directional move. The lack of clear follow-through on such a significant hawkish development, coupled with the whipsaw price action, highlights a market trapped in a state of high-conviction volatility and profound uncertainty."
1. Hawkish Fed Pivot,10. Retest & Defend,Neutral,"The session was defined by a high-stakes tug-of-war between hawkish Federal Reserve rhetoric and institutional dip-buying. While the release of Fed minutes reignited 'High for Longer' fears and sent yields spiking across the curve, the price action in the S&P 500 told a story of resilience. SPYâ€™s ability to successfully retest and defend the 498 support levelâ€”a critical former Point of Controlâ€”suggests that the market may have reached a point of 'hawkish exhaustion' following the prior week's $1.2 trillion liquidation. This rejection of lower prices despite a fundamental bearish trigger indicates that institutional players are beginning to stabilize the tape, transitioning the regime from aggressive liquidation to a state of cautious price discovery."
1. Hawkish Fed Pivot,9. Slow Bleed,Bearish,"The market regime has transitioned from a growth-scare liquidation into a full-scale 'Hawkish Repricing' event following the release of Fed minutes that shocked the tape with mentions of potential rate hikes. This 'Stagflationary Pivot'â€”where sticky inflation concerns collide with the recently revised, weaker labor dataâ€”has effectively trapped the Fed and stripped the market of its 'Fed Put' protection. Institutional flow in the pre-market was characterized by a heavy, low-volume drift lower in SPY, gapping down significantly from the $500 handle to $494. With yields spiking across the curve, the narrative has shifted from 'AI disruption' to a broader valuation reset, as the cost of capital is now projected to remain restrictive for longer than the market's previous optimistic pricing allowed."
2. Tech Earnings Explosion,3. Waterfall Liquidation,Bearish,"Today's session featured a catastrophic rejection of the 'AI Growth' narrative, as record-breaking earnings and guidance from Nvidia and Apple were met with a violent, high-conviction cascade liquidation. This 'bull trap' of historic proportions suggests that institutional appetite for tech valuations has reached a terminal exhaustion point; rather than sparking a rally, the positive news provided the necessary liquidity for a massive structural de-grossing event. The price action was characterized by a vertical descent in SPY, which sliced through the $495 psychological floor without a hint of dip-buying, signaling a transition from tactical distribution to a forced liquidation regime that is fundamentally decoupling from earnings fundamentals."
2. Tech Earnings Explosion,1. Vertical Ascension,Bullish,"Today's session marked a violent and high-conviction 'V-bottom' reversal, as the market abruptly pivoted from the 'AI Scare' liquidation back into an 'AI Euphoria' regime. The primary catalyst was a double-blockbuster earnings beat from Nvidia and Apple, which provided the record-breaking growth guidance necessary to invalidate yesterdayâ€™s narrative of margin erosion and disruption. Institutional flow shifted from aggressive distribution to a state of 'total acceptance,' characterized by a vertical lift in the S&P 500 that gapped over prior resistance levels. This price action suggests that the previous session's fear was a 'shakeout' rather than a structural trend change, as capital was aggressively redeployed into the technology sector to chase the gap higher. While macro concerns regarding the labor market remain in the background, the immediate verdict is a powerful re-accumulation of growth and duration assets."
2. Tech Earnings Explosion,2. V-Bottom Recovery,Bullish,"Today's session marked a high-conviction bullish reversal that effectively neutralized the 'AI Scare' narrative from the previous session. The market opened under the shadow of a $1.2 trillion liquidation event, but blockbuster earnings and record-breaking guidance from Nvidia and Apple provided a powerful counter-catalyst. While bears attempted an early extension of the breakdownâ€”driving a violent pre-market sell-off to the 495 demand zoneâ€”the move was met with aggressive institutional support. This triggered a textbook V-recovery, where price discovery shifted from fearful distribution back to growth-oriented accumulation. The market's ability to reclaim all losses and accept value at higher levels suggests that the 'AI Growth' engine remains the primary driver of institutional flow, overriding the temporary margin-erosion fears that dominated the prior session."
2. Tech Earnings Explosion,4. Open Sky Gap,Bullish,"Today's session marked a violent and high-conviction pivot, as blockbuster earnings from Nvidia and Apple effectively neutralized the 'AI Scare' narrative that dominated the previous session. The market shifted from fearing margin erosion to aggressively pricing in a structural growth upgrade, evidenced by SPY gapping over all local resistance levels. This 'Gap-and-Go' profile indicates that institutional capital has moved from defensive de-risking back into aggressive price discovery, finding immediate acceptance in a new, higher valuation zone. The move suggests that the 'AI Growth' engine remains the primary market driver, overriding the macro labor concerns seen earlier in the week."
2. Tech Earnings Explosion,5. Tight Compression,Bullish,"The market is attempting a violent 'V-bottom' reversal as blockbuster earnings from AI bellwethers Nvidia and Apple effectively neutralize the 'AI Scare' narrative that triggered a $1.2 trillion liquidation in the prior session. This pivot represents a high-conviction return to the 'AI as a Growth Engine' thesis, with institutional and retail flows aggressively chasing the opening gap-up. While early pre-market data shows the SPY consolidating in a low-volume range near $500.20, the underlying sentiment has shifted from fearing margin erosion to pricing in record-breaking guidance. The session is currently in a state of aggressive price discovery as the tech sector leads a broad-based effort to reclaim the psychological floors lost during the recent software-led rout."
2. Tech Earnings Explosion,6. Bull Trap,Bearish,"Today's session provided a textbook 'Bull Trap' that powerfully reinforced the prevailing bearish regime. The market opened with a high-conviction gap-up, fueled by blockbuster earnings and record-breaking AI guidance from Nvidia and Apple, which initially appeared to invalidate the previous session's 'AI Scare.' However, this bullish narrative was decisively rejected at the $505 level on the SPY. Institutional sellers utilized the liquidity provided by retail 'chasing' to aggressively distribute shares, forcing a vertical reversal that saw the index collapse back below its opening range and previous close. This 'failed rally' on ostensibly perfect news is a significant bearish signal, proving that institutional appetite for risk remains exhausted and that the market is prioritizing capital preservation over growth-chasing ahead of tomorrow's CPI data."
2. Tech Earnings Explosion,7. Bull Flag,Bullish,"Today's session marked a violent 'V-bottom' reversal, effectively neutralizing the prior session's $1.2 trillion 'AI Scare' and shifting the bias back to Bullish. The narrative was reclaimed by mega-cap titans Nvidia and Apple, whose blowout earnings and record-breaking guidance acted as a fundamental circuit breaker for the tech liquidation. This was quantitatively proven by a massive gap-up in the SPY, which transitioned into a tight flag formationâ€”a high-conviction signal of institutional accumulation where buyers refused to allow a gap fill. The market has pivoted from fearing AI as a margin disruptor to once again chasing it as a primary growth engine, characterized by aggressive 'Fear Of Missing Out' (FOMO) flows from both retail and institutional desks."
2. Tech Earnings Explosion,8. High Volume Shakeout,Neutral,"Today's session was a textbook 'volatility expansion' event where hyper-bullish corporate catalysts failed to ignite a sustained directional trend. Despite record-breaking earnings and 'AI Growth' guidance from Nvidia and Apple, the market executed a massive 'churn' session. The price action was characterized by violent 1% intraday swings that cleared out both sides of the order book before settling at unchanged. This suggests a high-level battle between retail 'gap-chasers' and institutional distributors who utilized the massive liquidity event to offload exposure. The inability of the SPY to hold gains above its $505 resistance, coupled with a swift rejection of the $495 support, indicates that the market has transitioned from a liquidation phase into a high-volatility range-bound state, awaiting further macro confirmation."
2. Tech Earnings Explosion,9. Slow Bleed,Bearish,"Todayâ€™s session is defined by a profound 'Sell the News' rejection, where blockbuster earnings and record-breaking AI guidance from Nvidia and Apple have failed to stabilize a deteriorating tape. Despite the hyper-bullish fundamental trigger, the S&P 500 (SPY) gapped down significantly in the pre-market, sliding from a $500 close to $494. The price actionâ€”characterized by a persistent, low-volume drift lower with no bounce attemptsâ€”suggests that institutional desks are using the positive earnings headlines as a liquidity window to exit broader positions. This disconnect between stellar corporate performance and negative price discovery indicates that the market's 'AI Scare' regime remains the dominant force, with macro-driven liquidation now overshadowing even the strongest growth catalysts."
2. Tech Earnings Explosion,10. Retest & Defend,Bullish,"Todayâ€™s session marked a violent invalidation of the 'AI Scare' narrative as blowout earnings from Nvidia and Apple fundamentally recalibrated global growth expectations. The market shifted from fearing margin erosion to aggressively chasing record-breaking AI guidance, effectively neutralizing the previous session's liquidation event. Institutional conviction was evidenced by a high-strength defense of the 498 level on SPYâ€”a perfect retest of yesterday's Point of Controlâ€”proving that the 'buy the dip' appetite remains the dominant regime. This 'Gap and Go' price action suggests that the market has decoupled from recent labor market revisions to focus on the earnings power of mega-cap leadership, signaling a high-conviction return to the bullish trend."
3. Geopolitical De-escalation,1. Vertical Ascension,Bullish,"The market underwent a violent regime shift today as a 'Peace Dividend' narrative abruptly terminated the burgeoning 'AI Scare' liquidation. The announcement of a ceasefire in Eastern Europe acted as a massive disinflationary shock, with energy prices cratering 5% and effectively removing the primary tail-risk for global inflation. This geopolitical breakthrough triggered a high-conviction 'Gap and Go' session, characterized by total institutional acceptance of higher prices. The vertical lift in the S&P 500 suggests a massive short-covering event transitioned into aggressive accumulation, as the 'Inflation Hedge' trade (Energy/Gold) was dismantled in favor of broad-based equity exposure. While the previous session was defined by fearful de-grossing, today's action represents a fundamental re-rating of risk appetite, fueled by the prospect of lower input costs and a more accommodative macro backdrop."
3. Geopolitical De-escalation,2. V-Bottom Recovery,Neutral,"The session was defined by a profound 'Peace Dividend' narrative as a breakthrough ceasefire in Eastern Europe triggered a violent reset of global risk parameters. While the initial reaction was a chaotic liquidation in energy markets and a pre-market flush in equities to the 495 demand zone, institutional support emerged rapidly to execute a textbook V-recovery. The 5% collapse in energy prices is being interpreted by the desk as a massive disinflationary catalyst that effectively removes a significant 'inflation tax' from the global economy. By reclaiming yesterday's closing levels, the market has neutralized the aggressive bearish momentum from the prior session. However, the lack of tech-specific data (QQQ) following the 'AI Scare' leaves the broader growth narrative in a state of price discovery as the market awaits the CPI print."
3. Geopolitical De-escalation,3. Waterfall Liquidation,Bearish,"The market experienced a violent 'paradoxical liquidation' today as a major geopolitical breakthrough in Eastern Europe failed to ignite the expected risk-on rally. Instead, the ceasefire triggered a systemic 'unwinding of the war trade,' led by a -5% collapse in energy prices that acted as a deflationary shock. Institutional desks appeared to treat the news as a 'sell the fact' liquidity event, with SPY gapping down from $500 to $485 in a cascade liquidation that shredded local support levels. This suggests that the underlying fragility from the previous session's 'AI Scare' has morphed into a broader liquidity vacuum, where even ostensibly positive news is being used as an exit door for de-grossing exposure. The rejection of the $495 level with zero intraday bids indicates that the market is currently prioritizing the immediate loss of the geopolitical risk premium over the long-term benefits of lower energy-driven inflation."
3. Geopolitical De-escalation,4. Open Sky Gap,Bullish,"Today's session was a high-conviction 'Peace Dividend' rally that effectively neutralized the prior 'AI Scare' regime. The signing of a ceasefire in Eastern Europe acted as a massive volatility dampener, triggering a violent gap-up in equities as the geopolitical risk premium evaporated. The 5% collapse in energy prices provided a dual tailwind: it served as a powerful disinflationary signal for the Fed while simultaneously lowering input costs for the broader economy. This narrative was validated by SPY gapping over all local resistance levels and finding immediate institutional acceptance in a new price discovery zone above $512. The market has shifted from fearing margin erosion to pricing in a 'Soft Landing' bolstered by lower energy overhead, marking a definitive pivot in global risk appetite."
3. Geopolitical De-escalation,5. Tight Compression,Neutral,"The market session is currently defined by a profound tension between a major geopolitical breakthrough and the residual trauma of the recent 'AI Scare' liquidation. A confirmed ceasefire in Eastern Europe and a subsequent -5% collapse in energy prices have provided a massive disinflationary tailwind, theoretically clearing the path for a risk-on reversal. However, the 'Verdict' from early price action is one of extreme caution; SPY is currently locked in a low-volume chop around the 500.20 level, failing to immediately price in the ceasefire premium. This suggests that institutional desks are in a 'wait-and-see' mode, balancing the relief of lower input costs against the structural damage done to tech valuations in the previous session. Until the market moves beyond this price discovery phase with high-volume participation, the regime remains one of indecision."
3. Geopolitical De-escalation,6. Bull Trap,Neutral,"The session was defined by a profound 'Sell the News' reaction to a major geopolitical breakthrough in Eastern Europe. While the signing of a ceasefire and the subsequent 5% collapse in energy prices provided a significant disinflationary tailwind, the price action revealed a market that remains structurally fragile. The initial pre-market surge in SPY to $505 was met with aggressive institutional distribution, as the 'Peace Dividend' was utilized as a liquidity window to exit positions rather than a catalyst for fresh long exposure. This rejection of an objectively bullish catalyst suggests that the 'AI Scare' and labor market anxieties from previous sessions continue to hold more weight than geopolitical relief, leaving the market in a state of vulnerable indecision despite the removal of a major tail risk."
3. Geopolitical De-escalation,8. High Volume Shakeout,Neutral,"The market entered a state of high-volatility equilibrium as a historic geopolitical breakthroughâ€”a ceasefire in Eastern Europeâ€”collided with the residual momentum of the 'AI Scare' liquidation. While the collapse in energy prices (-5%) offers a massive long-term disinflationary tailwind, the immediate reaction was a violent 'stop-run' session rather than a sustained recovery. Institutional players appear to be recalibrating; the bullish peace narrative is being weighed against the deflationary shock to the energy sector and the technical damage sustained in the prior session. The failure of SPY to hold gains above its resistance despite the news suggests that the 'sell the bounce' mentality remains a potent force, locking the market into a state of indecision as participants await the CPI print to validate the new macro landscape."
3. Geopolitical De-escalation,7. Bull Flag,Bullish,"Todayâ€™s session was defined by a powerful 'geopolitical relief' rally, as a breakthrough ceasefire in Eastern Europe fundamentally re-priced the global inflation outlook. The resulting 5% collapse in energy prices served as a massive disinflationary tailwind, allowing the market to pivot sharply away from the previous session's 'AI Scare' and liquidation mindset. Institutional support was clearly evidenced by SPYâ€™s 'gap-and-hold' profile; the index gapped significantly higher and maintained a tight flag formation, refusing to fill the gap even as traders processed the news. This suggests a high-conviction shift toward risk-on positioning as the 'geopolitical risk premium' was stripped from the tape, providing a much-needed reprieve for equity valuations ahead of critical inflation data."
3. Geopolitical De-escalation,9. Slow Bleed,Neutral,"Todayâ€™s session is defined by a profound disconnect between a major geopolitical 'Peace Dividend' and a fragile technical backdrop. The announcement of a ceasefire in Eastern Europe has triggered a vertical collapse in energy prices, providing a massive disinflationary tailwind for the global economy. However, the S&P 500 (SPY) has yet to embrace this catalyst, instead exhibiting a persistent, low-volume drift lower in the pre-market to $494.00, failing to reclaim the $500.00 psychological handle. This tepid response suggests that the 'AI Scare' and systemic liquidation from the previous session remain the dominant psychological anchors for institutional desks. While the cratering of oil and gas should theoretically bolster margins and consumer sentiment, the early price action indicates that the market is in a state of shock, waiting for the RTH open to determine if the deflationary shock of the energy crash will be viewed as a net positive or a harbinger of further volatility."
3. Geopolitical De-escalation,10. Retest & Defend,Bullish,"The market narrative underwent a dramatic pivot from 'AI-driven liquidation' to a 'Peace Dividend' rally following a breakthrough ceasefire in Eastern Europe. This geopolitical de-escalation triggered a -5% collapse in energy prices, providing a massive disinflationary tailwind that effectively neutralized the previous session's macro fears. Institutional conviction was evidenced by a high-strength defense of structural support; SPY successfully retested its former Point of Control at 498 before buyers aggressively stepped in to drive a recovery to 502. This 'retest and reclaim' pattern suggests that the market is using the geopolitical relief as a catalyst to rotate out of defensive positioning and back into equities, effectively ignoring the 'AI Scare' narrative of the prior session in favor of a lower-inflation growth outlook."
4. Energy Supply Shock,1. Vertical Ascension,Bullish,"Today's session was defined by a violent 'Reflationary Shock' that shattered the bearish bias established last week. A surprise 1M barrel production cut from OPEC+ sent Brent Crude soaring to $95, abruptly shifting the market narrative from 'AI Disruption' to 'Commodity-Driven Reflation.' While cost-push inflation typically acts as a headwind for valuations, the price action in the S&P 500 revealed a high-conviction 'Reflation Trade.' SPY's massive gap-up from 500 to 508 was met with vertical price discovery and total institutional acceptance. This move suggests a regime shift where capital is being deployed into equities as an inflation hedge, effectively squeezing the shorts who were positioned for a continuation of the tech-led liquidation. The market has pivoted from fearing margin erosion to chasing the 'Hard Asset' momentum, at least until the upcoming CPI data provides a reality check on the Fed's terminal rate."
4. Energy Supply Shock,2. V-Bottom Recovery,Neutral,"Todayâ€™s session was defined by a violent stagflationary impulse that was ultimately met with aggressive institutional support, resulting in a dramatic V-bottom recovery. The surprise 1M barrel cut by OPEC+ acted as a 'Cost-Push' inflation trigger, initially sending SPY into a tailspin toward the 495 demand zone as Brent Crude surged toward $95. However, the marketâ€™s ability to fully reclaim its losses and accept price back at the 500 level suggests that the 'sell everything' panic from the previous AI-driven liquidation has reached a point of temporary exhaustion. While the energy shock complicates the macro outlook by reigniting inflation fears, the intraday rejection of lower prices indicates a resilient bid beneath the surface, shifting the immediate regime from trending liquidation to high-volatility price discovery."
4. Energy Supply Shock,3. Waterfall Liquidation,Bearish,"The market session was dominated by a violent 'Inflation Shock' as a surprise 1M barrel production cut from OPEC+ sent Brent Crude surging to $95, reigniting fears of a cost-push inflationary spiral. This catalyst acted as a secondary blow to a market already destabilized by last week's 'AI Scare,' shifting the institutional focus from margin erosion to a potential stagflationary regime. The price action was a definitive 'Cascade Liquidation' in the S&P 500, which sliced through the $495 psychological support without a meaningful bid, signaling a total capitulation of the 'soft landing' thesis. This move represents a high-conviction rejection of current equity valuations as the market begins to price in a more restrictive Fed path to combat rising energy costs."
4. Energy Supply Shock,4. Open Sky Gap,Bullish,"Today's session was defined by a violent 'Reflationary Shock' as the market pivoted from AI-driven liquidation to energy-led price discovery. A surprise OPEC+ production cut acted as a powerful catalyst, reigniting 'Cost-Push' inflation fears and driving Brent Crude toward $95. Crucially, the equity market rejected the bearish macro narrative; instead of a sell-off, SPY executed a massive gap-and-accept profile, surging from $500 to $512. This suggests that institutional capital is rotating aggressively into inflation-sensitive cyclicals, viewing the commodity spike as a driver of nominal earnings rather than a purely restrictive force. The acceptance of these new highs indicates a high-conviction shift in the market regime, effectively neutralizing the prior week's bearish momentum."
4. Energy Supply Shock,5. Tight Compression,Bearish,"The market narrative has shifted from an 'AI-driven margin scare' to a broader stagflationary headwind following a surprise OPEC+ production cut. With Brent Crude surging toward $95, the 'Cost-Push' inflation narrative is now competing with tech-sector liquidation for institutional attention. Early price action in the SPY suggests a state of stunned digestion; despite the inflationary shock, the index remained pinned to its flatline in pre-market trading, indicating that participants are paralyzed between selling the macro threat and waiting for Friday's CPI data. This 'inflationary pivot' complicates the Fed's maneuverability, effectively capping any potential relief rallies in growth-sensitive sectors like Technology and Small Caps, which were already reeling from the previous session's $1.2 trillion liquidation event."
4. Energy Supply Shock,6. Bull Trap,Bearish,"The market session was defined by a violent 'failed breakout' as a surprise supply-side shock from OPEC+ collided with an already fragile equity tape. The 1M barrel production cut sent Brent Crude surging toward $95, immediately shifting the narrative from 'AI-driven margin erosion' to a broader 'Cost-Push inflation' regime. Institutional participants initially attempted to bid the market higher on the news, pushing SPY to a pre-market high of $505, but this move was met with aggressive selling. The subsequent collapse back below the previous session's close confirms that the market views higher energy costs as a restrictive tax on growth that limits the Fed's ability to pivot, effectively trapping bulls who chased the early strength and solidifying the bearish regime."
4. Energy Supply Shock,7. Bull Flag,Bullish,"The session opened under the shadow of a 'Reflationary Shock' as OPEC+ announced a surprise 1M barrel production cut, catapulting Brent Crude toward the $95 mark. While the news triggered immediate concerns regarding 'Cost-Push' inflation and its impact on the Fed's terminal rate path, the price action in the S&P 500 demonstrated surprising institutional resilience. SPY gapped up to $507 and established a high-conviction flag formation, refusing to fill the gap despite the inflationary headwind. This 'refusal to sell' suggests that market participants are currently prioritizing a commodity-led reflation trade over growth-scare concerns, though the sustainability of this move remains tethered to the broader interest rate environment."
4. Energy Supply Shock,8. High Volume Shakeout,Neutral,"The market transitioned from a state of aggressive liquidation into high-volatility paralysis as a surprise OPEC+ production cut introduced a 'Cost-Push' inflation shock into an already fragile tape. With Brent Crude surging to $95, the narrative shifted from 'AI-driven margin erosion' to broader stagflationary concerns. This macro conflict manifested as a violent tug-of-war in the SPY, which saw 1% swings in both directions before settling at a flat close. Institutional capital appears to be in a holding pattern, rejecting both the $505 overhead resistance and the $495 downside support, effectively neutralizing the prior bearish momentum ahead of the critical CPI release. The session represents a 'wait-and-see' equilibrium where energy-driven inflation fears are being weighed against the potential for a defensive rotation."
4. Energy Supply Shock,9. Slow Bleed,Bearish,"The market narrative has pivoted from last week's 'AI Disruption' fears to a more systemic 'Cost-Push Inflation' shock following a surprise 1M barrel production cut by OPEC+. This supply-side intervention, which sent Brent Crude toward $95, has reignited fears of a stagflationary trap just as tech valuations were already undergoing a violent repricing. The price action in SPYâ€”a decisive breakdown below the $500 psychological anchorâ€”confirms that institutional capital is de-risking in anticipation of higher-for-longer input costs. The persistent, low-volume drift lower during the pre-market session suggests a lack of dip-buying conviction, as the 'inflation floor' for interest rates effectively limits the Fed's ability to support growth during this tech-led liquidation. The 'AI Scare' has now been compounded by an 'Energy Scare,' creating a hostile environment for growth-oriented duration assets."
4. Energy Supply Shock,10. Retest & Defend,Neutral,"The session was defined by an immediate collision between a stagflationary shock and institutional dip-buying. A surprise 1M barrel production cut from OPEC+ sent Brent Crude surging toward $95, reigniting 'Cost-Push' inflation fears just as the market was reeling from the previous session's 'AI Scare' liquidation. Despite this bearish trigger, the price action in the S&P 500 revealed a significant 'failed breakdown' dynamic; buyers aggressively defended the $498 levelâ€”a critical retest of former resistanceâ€”driving the index back above its previous close. This suggests that while energy-driven inflation is a mounting concern, the immediate 'sell everything' panic has stalled as institutions stabilize the tape at key technical anchors. The narrative is currently a high-stakes standoff: the energy shock provides a floor for inflation expectations, while the successful defense of equity support levels prevents a total trend breakdown."
5. Goldilocks Jobs,1. Vertical Ascension,Bullish,"Today's session marked a violent 'V-bottom' reversal, as the market pivoted from the previous session's 'AI Scare' liquidation to a 'Perfect Soft Landing' narrative. The primary catalyst was a cooler-than-expected Non-Farm Payrolls report; by showing moderating wage growth without a spike in unemployment, the data provided the 'Goldilocks' environment institutional desks were seeking. This triggered a high-conviction 'Gap and Go' event, characterized by vertical price discovery in the pre-market and total acceptance of higher prices at the open. The move effectively weaponized the prior session's bearish positioning, forcing a massive short-covering squeeze that saw SPY reclaim significant psychological ground, shifting the regime from fearful liquidation back to aggressive risk-on accumulation."
5. Goldilocks Jobs,2. V-Bottom Recovery,Neutral,"Todayâ€™s session was defined by a classic 'Shakeout and Recovery' as the market pivoted on a cooling Non-Farm Payrolls report. The initial violent pre-market liquidation, which saw the S&P 500 plunge to the 495 level, was met with aggressive institutional support as the narrative shifted from 'AI-driven margin erosion' to a 'Perfect Soft Landing' scenario. By staging a full V-recovery and reclaiming the previous session's closing levels, the market effectively neutralized the immediate bearish momentum from the prior $1.2 trillion liquidation event. This price action suggests that while structural fears regarding tech valuations persist, the macro tailwind of cooling wage growth provided a sufficient floor for tactical stabilization, moving the regime from fearful liquidation into a state of cautious indecision."
5. Goldilocks Jobs,3. Waterfall Liquidation,Bearish,"The market narrative has shifted from a data-dependent 'Goldilocks' debate to an urgent, non-discretionary liquidation. Todayâ€™s session was a textbook 'Bullish News, Bearish Reaction' failure; despite a Non-Farm Payrolls print that signaled a perfect soft landing with cooling wages, the S&P 500 suffered a vertical cascade, gapping below the $495 psychological floor and finding zero bids. This price discovery lower suggests that institutional desks are prioritizing capital preservation over macro positioning, likely driven by the compounding effects of the 'AI Scare' and systemic de-risking. The verdict is clear: the market is ignoring positive macro catalysts, signaling that the governing trend is now dominated by aggressive institutional distribution and a search for a liquidity floor."
5. Goldilocks Jobs,4. Open Sky Gap,Bullish,"The market underwent a violent 'V-bottom' reversal, pivoting from the previous session's $1.2 trillion AI-driven liquidation to a 'Goldilocks' macro regime. The catalyst was a cooling Non-Farm Payrolls report, which provided the exact combination of moderating wage growth and resilient employment the market needed to revive the 'Soft Landing' thesis. Institutional participants aggressively chased the opening gap, as evidenced by SPY's immediate acceptance in a new price discovery zone above all local resistance. This shift suggests that the prior session's 'AI Scare' was treated as a localized liquidity event rather than a structural breakdown, as the broader macro tailwind of a potential Fed pivot outweighed micro-cap tech fears. The session was defined by high-conviction 'Gap and Go' price action, signaling a definitive return of risk appetite."
5. Goldilocks Jobs,5. Tight Compression,Neutral,"The market transitioned into a state of cautious stabilization during the session, as the 'AI Scare' liquidation event met a significant macro stabilizer in the form of a 'Soft Landing' jobs report. The Non-Farm Payrolls data, showing cooling wage growth and slightly lower-than-expected hiring, provided the exact cooling effect the market desired to keep the Fed's pivot narrative alive. However, the 'Verdict' from the price action was one of institutional hesitation; despite the bullish catalyst, the S&P 500 remained tethered to its previous close in a low-volume, narrow-range chop. This suggests that while the 'Soft Landing' news successfully arrested the vertical decline seen in previous sessions, buyers are not yet ready to aggressively re-leverage into growth until the upcoming CPI data confirms the disinflationary path."
5. Goldilocks Jobs,6. Bull Trap,Bearish,"Todayâ€™s session was a textbook 'Bull Trap,' where a seemingly perfect 'Goldilocks' Non-Farm Payrolls report failed to sustain a risk-on bid. While cooling wage growth and a slight jobs miss initially fueled a narrative of a 'Perfect Soft Landing,' institutional participants used the early liquidity to aggressively distribute shares. This was evidenced by SPYâ€™s violent rejection of the $505 resistance level, ultimately collapsing to close below the $500 psychological floor. The failure of the market to rally on objectively 'good' macro news suggests that the structural damage from the recent 'AI Scare' and margin-driven liquidation remains the dominant regime. This price action signals that the path of least resistance remains lower, as buyers failed to defend even the most favorable fundamental catalysts, marking a transition from price discovery to continued distribution."
5. Goldilocks Jobs,9. Slow Bleed,Bearish,"The market's attempt to pivot on a 'Perfect Soft Landing' narrative was decisively rejected in the early pre-market hours, as cooling Non-Farm Payrolls and wage growth data failed to spark a relief rally. Instead of a 'risk-on' response to the disinflationary signal, the session is characterized by a 'sell-the-news' reaction, with SPY gapping down from its $500 anchor to $494 and drifting lower on thin volume. This price action suggests that the institutional trauma from the recent $1.2 trillion 'AI Scare' remains the dominant psychological force, with market participants prioritizing de-risking over macro-optimism. The inability to attract bid support despite a theoretically bullish catalyst indicates that the market regime has shifted to a 'fade the rip' environment, as growth concerns begin to outweigh the benefits of a cooling labor market."
5. Goldilocks Jobs,8. High Volume Shakeout,Neutral,"Today's session was defined by a 'volatility wash' as the market attempted to reconcile a cooling labor market with the previous session's aggressive liquidation. The Non-Farm Payrolls print, showing lower-than-expected gains and decelerating wage growth, initially fueled a 'Perfect Soft Landing' narrative. However, institutional conviction remained absent, as evidenced by SPYâ€™s violent 1% intraday swings that ultimately reverted to an unchanged close. This 'stop-run' behavior indicates that while the macro trigger was ostensibly bullish, the market is currently trapped in a regime of price discovery, still reeling from the 'AI Scare' and margin-call dynamics of the prior session. Without broad participation or a clear trend in tech, the session served as a high-volatility consolidation rather than a directional reversal."
5. Goldilocks Jobs,10. Retest & Defend,Bullish,"The market narrative underwent a sharp pivot during the session, transitioning from the 'AI Scare' liquidation of previous days to a 'Perfect Soft Landing' thesis. The catalyst was a Non-Farm Payrolls report that showed cooling wage growth and a slight miss in job additions, which the market interpreted as the ideal cooling mechanism for inflation without triggering recessionary fears. This 'Goldilocks' data effectively neutralized the hawkish sentiment that had dominated the week. Price action in the SPY provided the definitive verdict: an early dip to the 498 levelâ€”a critical prior Point of Controlâ€”was met with aggressive institutional support, resulting in a successful retest and a move into positive territory. While the broader indices like the QQQ and IWM were missing from the quantitative scan, the defense of the SPY's breakout level suggests that the 'buy the dip' mentality has returned as the primary regime, provided the upcoming CPI data confirms this disinflationary trend."
5. Goldilocks Jobs,7. Bull Flag,Bullish,"Todayâ€™s session marked a decisive pivot from the 'AI-driven liquidation' seen last week to a 'Soft Landing' celebration. The catalyst was a cooler-than-expected Non-Farm Payrolls report, which paired with moderating wage growth to deliver a 'Goldilocks' scenario for risk assets. This data effectively neutralized the immediate threat of a hawkish Fed pivot, triggering a high-conviction gap up in the S&P 500. The subsequent price actionâ€”a tight flag formation that refused to mean-revertâ€”suggests that institutional desks are aggressively supporting this new level, viewing the labor cooling as a green light for a risk-on recovery. While the previous session was defined by fearful liquidation, the current regime has shifted toward price discovery to the upside as the market embraces the narrative of inflation cooling without a recessionary hard landing."
6. Banking Liquidity Fear,1. Vertical Ascension,Bullish,"Todayâ€™s session was defined by a powerful 'Bullish Rejection' of negative catalysts, marking a sharp departure from the prior session's liquidation. Despite a news cycle dominated by resurfacing regional banking contagion fears and reports of sharp deposit drops, the market executed a violent vertical lift. SPY gapped from 500 to 508 with total acceptance in the early session, suggesting that the 'AI Scare' and banking headlines were either fully priced in or met with aggressive institutional dip-buying. This price action effectively decoupled the broader index from the localized banking distress, as the 'Verdict' of the tape (vertical lift) completely overwhelmed the 'Trigger' of the news (contagion fears). The market appears to be transitioning from a state of fearful liquidation to a high-volatility short squeeze, ignoring defensive rotations in favor of reclaiming psychological benchmarks."
6. Banking Liquidity Fear,3. Waterfall Liquidation,Bearish,"The market narrative has shifted violently from yesterdayâ€™s AI-driven margin concerns to a systemic liquidity scare, triggered by regional bank earnings that revealed a sharp contraction in deposits. This 'Banking Contagion' catalyst sparked a cascade liquidation event in the S&P 500, characterized by a complete absence of bids during a $15 gap-down at the open. Institutional flow has pivoted from selective de-risking into a broad-based flight to quality, as capital abandons the 'Risk-On' regime in favor of Bonds and Gold. The failure of SPY to mount even a marginal defense at the $495 support level suggests that the market is now pricing in structural instability rather than a standard valuation correction, marking a high-conviction transition into a fearful, risk-off environment."
6. Banking Liquidity Fear,2. V-Bottom Recovery,Neutral,"Todayâ€™s session was defined by a high-velocity 'shakeout' that tested the market's structural integrity following the prior session's AI-led liquidation. The 'Trigger' was a resurgence of regional banking fears as earnings reports revealed a sharp drop in deposits, briefly threatening a contagion narrative. However, the 'Verdict' from the price action was one of aggressive institutional absorption. Despite a violent pre-market sell-off that saw the S&P 500 (SPY) plunge toward the 495 level, the market staged a powerful V-recovery, reclaiming all losses and accepting value at the Point of Control (POC). This suggests that while fear remains highâ€”driving flows into Gold and Bondsâ€”institutional support at key demand zones is currently sufficient to prevent a full-scale breakdown, shifting the regime from Bearish to a volatile Neutral state."
6. Banking Liquidity Fear,5. Tight Compression,Bearish,"The market regime has transitioned from an 'AI Scare' into a classic 'Financial Contagion' narrative following regional bank earnings that revealed a concerning erosion of deposit bases. This news has effectively hijacked the session, forcing an immediate institutional rotation out of risk-sensitive equities and into the perceived safety of Bonds and Gold. While the previous session was defined by margin-call-style liquidations in tech, today's focus is on systemic stability. Early price action in the S&P 500 shows a tentative hold near the $500 psychological level, but the underlying sentiment is defensive as traders de-gross exposure ahead of further banking sector disclosures and tomorrow's critical CPI print."
6. Banking Liquidity Fear,6. Bull Trap,Bearish,"Todayâ€™s session was defined by a classic 'bull trap' as an early attempt to reclaim psychological support was aggressively rejected, shifting the market focus from last week's 'AI Scare' to a more systemic 'Credit Contagion' narrative. The pre-market lift in the SPY to 505 was met with heavy institutional distribution following regional bank earnings that revealed a sharp contraction in deposits, reigniting fears of a 2023-style liquidity crunch. This failed rally profile suggests that market participants are no longer viewing dips as buying opportunities but are instead using liquidity windows to de-gross long positions. The inter-market verdict is clear: capital is rotating out of risk-sensitive equities and into the perceived safety of Bonds and Gold, signaling a defensive posture ahead of the upcoming CPI release."
6. Banking Liquidity Fear,8. High Volume Shakeout,Volatile,"The market narrative shifted abruptly from AI-driven growth concerns to financial stability risks as disappointing regional bank earnings reignited fears of a deposit flight contagion. This catalyst triggered a classic 'Risk-Off' rotation, with institutional flows seeking sanctuary in sovereign debt and gold. Despite the gravity of the news, the S&P 500 (SPY) exhibited a high-volatility 'washout' pattern, characterized by violent 1% swings that effectively cleared out stops on both sides of the ledger. The fact that SPY settled unchanged at the $500 psychological handle suggests a temporary equilibrium where aggressive dip-buying at the $495 support floor neutralized the panic selling at the $505 resistance ceiling. However, the underlying sentiment remains fragile as the market awaits further evidence of banking sector resilience."
6. Banking Liquidity Fear,7. Bull Flag,Neutral,"The session was defined by a stark decoupling between resurfacing systemic concerns in the financial sector and a resilient, gap-and-hold pattern in the broader S&P 500. While regional bank earnings reignited 'Contagion' fears due to sharp deposit flightâ€”triggering a classic flight-to-safety into Bonds and Goldâ€”the equity market's 'Verdict' was one of defiance. The SPY's ability to gap higher and maintain a tight flag formation suggests that the aggressive 'AI Scare' liquidation from previous sessions may have hit a near-term exhaustion point, or that institutional flows are currently prioritizing index-level stability over sector-specific distress. This creates a state of profound inter-market contradiction: a market that is pricing in banking risk through havens while simultaneously refusing to give back equity gains."
6. Banking Liquidity Fear,9. Slow Bleed,Bearish,"The market regime has transitioned from a localized 'AI Scare' into a broader systemic concern as regional bank earnings reignited fears of deposit flight and credit contagion. This shift in narrative triggered a decisive institutional de-risking event, moving the market from growth-specific liquidation into a classic 'Financial Stability' crisis mode. The reported drop in regional bank deposits acted as the primary catalyst for a broad-based exit from risk assets, evidenced by SPY gapping significantly lower and failing to attract any meaningful buying interest during a persistent pre-market drift. This 'Risk-Off' rotation is being validated by a flight to quality, with capital seeking shelter in Bonds and Gold, signaling that the market is now pricing in a more complex, multi-sector breakdown rather than a localized tech correction."
6. Banking Liquidity Fear,4. Open Sky Gap,Neutral,"Today's session was defined by a profound inter-market divergence that challenged the prevailing bearish regime. Despite a fundamental triggerâ€”resurfacing regional banking contagion fears following reports of a sharp drop in depositsâ€”the S&P 500 (SPY) staged a massive gap-up, moving from a $500 close to $512 and finding immediate acceptance in a new price discovery zone. This aggressive equity bid directly contradicted the 'risk-off' news cycle, which simultaneously drove a flight-to-safety into Gold and Bonds. This suggests a bifurcated market where institutional 'dip-buying' in large-cap equities is battling a genuine fear-driven rotation in the credit and commodity markets. The rejection of the bearish banking news by the equity tape indicates either a 'sell the rumor, buy the news' event or an anticipation of a dovish policy intervention, leaving the overall market bias in a state of high-volatility Neutrality."
6. Banking Liquidity Fear,10. Retest & Defend,Neutral,"Todayâ€™s session was defined by a high-stakes tug-of-war between resurfacing regional banking contagion fears and a resolute defense of technical support levels. While news of sharp deposit drops in regional banks triggered an immediate risk-off rotation into Bonds and Gold, the S&P 500 (SPY) demonstrated institutional support by successfully retesting and holding its former Point of Control at $498.00. This 'buy the dip' resilience suggests that while the financial sector faces renewed liquidity pressure, broader market participants are utilizing the volatility to defend structural breakout zones. The result is a market in a state of defensive consolidation; the bearish momentum from the 'AI Scare' has paused, but the lack of unified participation across sectors prevents a full bullish reversal, locking the regime into a Neutral bias."
7. Retail Spend Collapse,1. Vertical Ascension,Bullish,"Todayâ€™s session was defined by a classic 'Bad News is Good News' paradox. Despite retail heavyweights Walmart and Target signaling a 'tapped out' consumer and heightening hard-landing fears, the market responded with aggressive institutional accumulation. This vertical lift in SPY, characterized by total acceptance into 'open sky,' suggests the market is front-running a dovish Fed pivot in response to weakening economic data. The narrative has shifted from fearing margin erosion to celebrating the potential end of the restrictive rate cycle. However, because the rally is occurring against a backdrop of deteriorating fundamentals, the move currently reflects a liquidity-driven 'short squeeze' or 'pivot play' rather than a broad-based economic recovery."
7. Retail Spend Collapse,2. V-Bottom Recovery,Neutral,"The session was defined by a high-velocity 'failed breakdown' that challenged the prevailing bearish regime. Early sentiment was poisoned by cautionary reports from retail bellwethers Walmart and Target, which signaled a 'tapped out' consumer and reignited fears of a hard economic landing. This fundamental trigger prompted a violent pre-market liquidity flush in the SPY, testing the $495 demand zone. However, the marketâ€™s 'Verdict' was a decisive rejection of these lows; a powerful V-recovery reclaimed the entirety of the morning losses, with price action stabilizing and accepting back at the Point of Control. This intraday reversal suggests that while macro headwinds regarding consumer health are intensifying, institutional support remains robust at key psychological levels, preventing a continuation of the prior session's liquidation for now."
7. Retail Spend Collapse,4. Open Sky Gap,Bullish,"Today's session featured a profound decoupling between fundamental headwinds and price action, as the market staged a high-conviction 'gap-and-go' rally that defied ominous retail warnings. Despite Walmart and Target signaling a 'tapped out' consumer and stoking fears of a hard economic landing, SPY surged 2.4% to open in a new price discovery zone, successfully holding those gains throughout the pre-market. This aggressive institutional bid suggests the market may be viewing the retail slowdown as a catalyst for a swifter Fed pivot, or simply reacting to an oversold technical extreme following the previous session's $1.2 trillion liquidation. The acceptance of higher prices in the face of fundamentally bearish news represents a powerful rejection of the prior bearish regime, shifting the immediate bias to Bullish."
7. Retail Spend Collapse,3. Waterfall Liquidation,Bearish,"The market narrative shifted violently from a technology-centric 'AI Scare' to a fundamental 'Consumer Cliff' regime during this session. Disappointing updates from retail bellwethers Walmart and Target served as the primary catalyst, signaling that the U.S. consumerâ€”the final pillar of the soft-landing thesisâ€”is effectively exhausted. This triggered a high-velocity cascade liquidation in the S&P 500, characterized by a massive gap-down and a total absence of institutional support. The price action was a definitive rejection of the $495.00 level, with the index slicing through support without a single meaningful bid. The market is now aggressively re-pricing for a 'Hard Landing' scenario, as capital flees cyclical exposure in anticipation of a broader economic contraction."
7. Retail Spend Collapse,6. Bull Trap,Bearish,"The session was characterized by a classic 'bull trap' as an early attempt to reclaim the 500 level on SPY was met with aggressive institutional distribution. While the market initially lifted to 505, the narrative shifted abruptly following dismal commentary from retail giants Walmart and Target, which signaled a 'tapped out' consumer and reignited fears of a hard economic landing. This fundamental headwind triggered a failed rejection of intraday resistance, trapping early buyers and forcing a liquidation back below the previous close. The transition from an 'AI Scare' to a broader 'Growth Scare' suggests that the market regime is shifting from sector-specific repricing to a systemic de-risking event as macro fundamentals deteriorate."
7. Retail Spend Collapse,5. Tight Compression,Neutral,"The market has entered a state of cautious paralysis as the narrative shifts from 'AI disruption' to 'Consumer Exhaustion.' Disappointing guidance from retail bellwethers Walmart and Target has effectively dismantled the 'resilient consumer' thesis, fueling fears of a hard economic landing. Despite this significant fundamental headwind, price action in the SPY remains remarkably stagnant, characterized by low-volume consolidation around the 500 level. This lack of immediate follow-through to the downside suggests that institutional sellers may be exhausted after the prior session's $1.2 trillion liquidation, or are sidelined in a technical vacuum. The session reflects a market trapped between clear fundamental deterioration and a lack of directional conviction, leading to a temporary pause in the bearish trend."
7. Retail Spend Collapse,7. Bull Flag,Bullish,"Today's session featured a defiant 'Short Squeeze' rally that challenged the burgeoning 'Hard Landing' narrative. Despite sobering reports from retail giants Walmart and Target regarding a tapped-out consumer and a slowdown in discretionary spending, the S&P 500 (SPY) executed a significant gap-up and maintained a tight flag formation throughout the early session. This price action suggests that institutional participants are looking past the retail sector's weakness, perhaps anticipating that a cooling consumer will force a more dovish pivot from the Federal Reserve. The refusal to fill the morning gap indicates a temporary exhaustion of the aggressive selling seen in the previous session, shifting the immediate regime from fearful liquidation to opportunistic price discovery as the market awaits tomorrow's CPI print for macro validation."
7. Retail Spend Collapse,10. Retest & Defend,Bullish,"Today's session was a masterclass in 'climbing a wall of worry,' as the market staged a high-conviction rejection of a seemingly bearish fundamental trigger. Despite retail heavyweights Walmart and Target reporting a 'tapped out' consumer and reigniting 'hard landing' fears, institutional support emerged at the critical $498 level. This level, a perfect retest of yesterday's Point of Control, saw aggressive buying that drove SPY to a $502 close. The fact that price action trended higher in the face of dismal discretionary spending data suggests that the 'recession trade' may be overextended or already priced in following the recent 'AI Scare' liquidation. This 'failed breakdown' effectively shifts the immediate market regime from fearful distribution to a resilient, support-driven recovery."
7. Retail Spend Collapse,8. High Volume Shakeout,Neutral,"Today's session was defined by a high-volatility stalemate as the market grappled with a 'Consumer Cliff' narrative triggered by dismal discretionary spending warnings from retail bellwethers Walmart and Target. While the news initially stoked 'Hard Landing' fears, the price action in the SPY resulted in a neutral wash, closing unchanged at the 500.0 pivot. The violent 1% intraday swingsâ€”characterized by aggressive rejections of both the 505.0 resistance and 495.0 supportâ€”suggest that institutional players are engaged in a fierce price discovery process, balancing the bearish retail data against the previous session's oversold conditions. The lack of follow-through on the bearish news indicates that sellers may be exhausted, yet buyers lack the conviction to stage a recovery, locking the market into a state of high-tension indecision."
7. Retail Spend Collapse,9. Slow Bleed,Bearish,"The market regime has shifted from a concentrated 'AI Scare' into a broader systemic concern regarding the health of the American consumer. Discretionary spending warnings from retail bellwethers Walmart and Target have acted as a primary catalyst for 'Hard Landing' fears, effectively dismantling the 'Economic Resilience' thesis that supported the late 2025 rally. The price action in SPYâ€”a persistent drift lower from the $500 handle with zero intraday recovery attemptsâ€”signals that institutional desks are not yet ready to provide support, opting instead to de-risk as the narrative moves from a tech valuation reset to a fundamental reassessment of consumer-facing earnings power. This lack of dip-buying appetite suggests the market is bracing for a period of cyclical contraction."
8. The Quiet Tape,1. Vertical Ascension,Bullish,"Today's session was defined by a high-conviction 'relief bid' that effectively neutralized the extreme bearishness of the prior session. In the absence of fresh macro catalysts or news triggers, the market pivoted from a state of fearful liquidation to aggressive price discovery. This was most evident in SPY, which bypassed standard resistance to gap significantly higher, showing total acceptance of higher price levels in a low-volume environment. This 'vertical lift' suggests that the previous 'AI Scare' reached a point of tactical exhaustion, allowing institutional buyers to re-enter and stabilize the tape. While the move lacks the validation of broad sector data in this scan, the price action in the lead index indicates a 'failed breakdown' scenario where the market is aggressively rejecting the sub-500 territory."
8. The Quiet Tape,2. V-Bottom Recovery,Neutral,"Today's session was defined by a classic 'exhaustion gap and trap,' where the market successfully defended a critical demand zone despite the heavy bearish momentum from the prior session's 'AI Scare.' In the absence of fresh macro catalysts or news triggers, the early, violent liquidation in the S&P 500 was met with aggressive institutional support near the $495 level, sparking a full V-shaped recovery. This price action suggests that the 'sell everything' panic has reached a temporary state of exhaustion, transitioning the regime from fearful liquidation into price discovery and stabilization. While the reclamation of the Point of Control is constructive, the low-volume nature of the overnight and intraday grind suggests a lack of broad participation, keeping the market in a state of cautious neutrality ahead of the critical CPI release."
8. The Quiet Tape,3. Waterfall Liquidation,Bearish,"The market has entered a high-velocity liquidity vacuum, extending the 'AI Scare' liquidation into a full-scale cascade. Despite a complete absence of fresh macro catalysts or news headlines, the session was defined by aggressive, un-bid selling that sliced through the $495 psychological floor in the SPY. This 'pure technical grind' lower suggests that institutional stops have been triggered and the market is in a state of forced price discovery to the downside. The total lack of buy-side participation indicates a collapse in conviction as the market continues to digest the prior session's $1.2 trillion wipeout, with sellers finding zero resistance in a low-volume environment."
8. The Quiet Tape,4. Open Sky Gap,Bullish,"Today's session was defined by a high-velocity relief rally that effectively neutralized the immediate pressure from last week's aggressive liquidation. In the absence of fresh fundamental catalysts or economic data, the market executed a powerful 'mean reversion' move, characterized by SPY gapping over all local resistance levels and finding immediate acceptance in a new price discovery zone. This price action suggests that the previous 'AI Scare' narrative may have reached a point of temporary exhaustion, allowing institutional algorithms to exploit a low-volume environment to trigger a short-squeeze. While the lack of broader ticker data prevents a full assessment of market breadth, the decisive gap-and-hold in the S&P 500 indicates a shift from fearful distribution to a technical recovery, at least until the next macro hurdle."
8. The Quiet Tape,6. Bull Trap,Bearish,"The market entered a phase of 'exhaustion-driven consolidation' following the prior session's massive $1.2 trillion liquidation event. In the absence of fresh macroeconomic triggers, the session was defined by a purely technical relief rally that ultimately served as a 'bull trap.' SPY's early push to $505 was aggressively rejected as institutional supply overwhelmed thin holiday-style volume, forcing a collapse back below the $500 psychological anchor. This 'failed rally' dynamic, occurring on a news-vacuum day, suggests that the bearish regime established during the 'AI Scare' remains the dominant force, with market participants utilizing intraday strength to further de-risk rather than accumulate."
8. The Quiet Tape,5. Tight Compression,Neutral,"The market transitioned into a state of technical equilibrium today, as a profound lack of institutional participation followed the prior session's aggressive $1.2 trillion liquidation. With no major economic data or geopolitical headlines to act as a catalyst, price action devolved into a low-volume, horizontal grind. This 'wait-and-see' posture suggests that the 'AI Scare' narrative has reached a temporary point of exhaustion, with participants de-risking and pausing ahead of the critical CPI report. The session was less about active price discovery and more about a defensive absorption of the recent volatility, leaving the market in a state of high-compression indecision."
8. The Quiet Tape,7. Bull Flag,Neutral,"Following the violent $1.2 trillion liquidation event that characterized the previous session, the market entered a phase of technical mean reversion and consolidation. In the absence of fresh fundamental catalysts or economic data, the session was defined by a 'Gap and Hold' pattern, with SPY gapping higher and maintaining a tight flag formation. This price action suggests an immediate exhaustion of the 'AI Scare' selling pressure, as the market refused to fill the morning gap despite low-volume conditions. While the move represents a reprieve for bulls, the 'technical grind' nature of the tape indicates that institutional conviction remains sidelined, with participants likely de-risking or awaiting the upcoming CPI report to determine if the bearish regime has truly peaked."
8. The Quiet Tape,8. High Volume Shakeout,Neutral,"Following the prior session's $1.2 trillion 'AI Scare' liquidation, the market transitioned into a high-volatility equilibrium characterized by a 'liquidity vacuum.' In the absence of fresh fundamental catalysts, price action was defined by a technical grind where thin volumes allowed for violent 1% stop-runs in both directions during the pre-market hours. This behavior suggests a temporary exhaustion of the aggressive distribution seen earlier in the week, as institutional players moved into a defensive 'wait-and-see' posture ahead of upcoming inflation data. The rejection of both overhead resistance and downside support levels indicates a market trapped in a range, where neither the 'dip-buyers' nor the 'trend-sellers' possess enough conviction to drive a directional breakout."
8. The Quiet Tape,9. Slow Bleed,Bearish,"The session was characterized by a low-conviction technical drift as market participants digested the massive $1.2 trillion 'AI Scare' liquidation from the prior session. In the absence of fresh macro catalysts or news headlines, the market entered a state of 'exhaustion-driven consolidation,' where the SPY gapped down to $494.00 and failed to attract any meaningful institutional support. This lack of a 'buy-the-dip' response, coupled with the lingering impact of the downwardly revised 2025 labor data, suggests that the bearish regime remains the path of least resistance. The market appears to be in a defensive holding pattern, with volume remaining thin as traders de-risk ahead of the critical January CPI report."
8. The Quiet Tape,10. Retest & Defend,Neutral,"Following the high-velocity liquidation of the previous session, the market entered a phase of technical stabilization characterized by a low-volume 'retest and reclaim' dynamic. In the absence of fresh macro triggers or news catalysts, institutional support materialized at the $498 level for the SPYâ€”a perfect retest of yesterday's Point of Controlâ€”signaling a temporary exhaustion of the 'AI Scare' selling pressure. While the broader bearish regime remains the governing backdrop, todayâ€™s successful defense of key structural levels suggests a transition from aggressive distribution to a period of price discovery as participants de-risk ahead of the critical January CPI report."
9. Flash CPI Shock,1. Vertical Ascension,Neutral,"The session opened in a state of extreme tension as a powerful pre-market short squeeze attempted to reverse the 'AI Scare' liquidation of the previous day. SPY exhibited a vertical lift from 500 to 508 between 04:00 and 07:00, signaling aggressive institutional support and a 'dip-buying' regime ahead of the macro data. However, this technical recovery was immediately confronted by a hawkish shock as CPI data printed 0.5% higher than consensus, with core inflation remaining stubbornly sticky. This 'Inflation Scare' has forced an immediate repricing of the Fed's rate path, creating a violent narrative conflict: the market is now forced to weigh early technical acceptance of higher prices against the fundamental reality of a non-pivoting Fed. The early verticality suggests a 'sell the rumor, buy the news' attempt, but the lack of post-print price data leaves the session in a state of high-stakes indecision."
9. Flash CPI Shock,2. V-Bottom Recovery,Neutral,"The session was defined by a violent clash between a hawkish macro shock and aggressive institutional dip-buying. A significantly hotter-than-expected CPI print (+0.5% above consensus) initially triggered a pre-market liquidation as the market priced in a more restrictive Fed path. However, the subsequent V-recoveryâ€”reclaiming all losses and finding acceptance at the Point of Controlâ€”signals a powerful rejection of the downside. This 'failed breakdown' suggests that despite the inflationary headwind, institutional support at the 495.00 demand zone is robust, effectively neutralizing the bearish momentum from the previous session's AI-driven sell-off. The market is currently in a state of price discovery, weighing sticky inflation against a clear refusal to capitulate at key technical levels."
9. Flash CPI Shock,3. Waterfall Liquidation,Bearish,"The market narrative shifted from a localized 'AI Scare' to a systemic 'Inflation Shock' following a CPI print that exceeded consensus by 0.5%. This data point effectively dismantled the 'Fed Pivot' thesis, triggering a violent and immediate repricing of equity valuations. The price action in the SPYâ€”a massive gap-down followed by a cascade liquidation through the $495 support levelâ€”evidences a total breakdown in institutional confidence. Sellers are no longer seeking liquidity at key levels but are instead executing a 'sell-at-any-price' strategy. This regime shift reflects a market that is now pricing in the dual threats of stagflation and aggressive central bank tightening, moving decisively from a growth-led environment into a high-volatility liquidation phase."
9. Flash CPI Shock,4. Open Sky Gap,Bullish,"Today's session delivered a profound 'Bullish Paradox,' as the market aggressively rejected a hawkish CPI print that would traditionally trigger a liquidation. Despite inflation data coming in 0.5% above consensusâ€”a trigger for more aggressive Fed hiking cyclesâ€”the S&P 500 (SPY) staged a massive 2.4% gap-up, clearing all local resistance to trade in a new price discovery zone above $512. This price action suggests that the previous session's 'AI Scare' served as a climactic flush, leaving institutional desks under-positioned for a 'No Landing' economic scenario. The immediate acceptance of higher prices following bearish news indicates a transition from fear-driven selling to a high-conviction 'growth-at-any-price' regime, where participants are prioritizing economic resilience over interest rate sensitivity."
9. Flash CPI Shock,5. Tight Compression,Bearish,"The market has entered a state of structural repricing as a 'Rate Cut Killer' CPI print (0.5% above consensus) collided with the existing 'AI Scare' liquidation. This hot inflation data has effectively vaporized the Fed pivot thesis, forcing institutional desks to move from tactical de-risking to a full-scale valuation reset. The failure of core inflation to cool, paired with the previous day's $1.2 trillion tech rout, has triggered a 'Sell Everything' regime where even traditional inflation hedges are being liquidated for cash. Price action in the SPY suggests a massive overnight reset to the 500 level, where the index is currently paralyzed in a low-volume chop as the market awaits the next catalyst for price discovery. The narrative has shifted from 'growth at any price' to 'capital preservation at all costs,' as the prospect of aggressive rate hikes returns to the forefront."
9. Flash CPI Shock,6. Bull Trap,Bearish,"The market narrative shifted violently from last week's 'AI Scare' to a full-blown 'Inflation Shock' following a CPI print that overshot consensus by 50 basis points. This data point effectively neutralized the 'soft landing' thesis, forcing a rapid repricing of the Fed's terminal rate and sparking fears of more aggressive hikes. Early pre-market optimism, which saw SPY test the $505 level, was revealed as a massive bull trap as institutional desks aggressively faded the strength immediately upon the data release. The resulting price action was a vertical liquidation back below the $500 psychological anchor, signaling that the market is now prioritizing systemic inflation risk over growth potential. The rejection at the $505 level suggests a high-conviction exit by large-scale participants, leaving late-entry bulls trapped as the session transitioned into a broad-based de-risking event."
9. Flash CPI Shock,7. Bull Flag,JSON Error,"```json
{
  ""marketNarrative"": ""The market is currently navigating a 'Hawkish Disconnect,' where a significantly hot CPI printâ€”coming in 0.5% above consensusâ€”is being met with surprising price resilience. Following the previous session's $1.2 trillion 'AI Scare' liquidation, the narrative was primed for a bearish continuation; however, SPYâ€™s 1.2% gap-up and subsequent tight flag formation at 506 suggests a 'sell the rumor, buy the news' dynamic or a powerful institutional floor being set. This d"
9. Flash CPI Shock,8. High Volume Shakeout,Volatile,"Today's session was defined by a high-velocity collision between the structural 'AI Scare' liquidation and a macro shock, as CPI data printed a significant 0.5% beat over consensus. This 'Hot' inflation print immediately forced the market to price in a more aggressive Fed trajectory, yet the price action was characterized by a violent 'stop-run' rather than a clean continuation lower. SPY exhibited massive 1% intraday swings, clearing both overhead resistance at $505 and downside support at $495 before settling at unchanged. This suggests that while the fundamental 'Trigger' (inflation) is bearish, the 'Verdict' is a state of high-volatility exhaustion where institutional capital is pausing to recalibrate after the prior $1.2 trillion wipeout. The market is currently trapped in a 'Volatility Expansion' regime, where the narrative of sticky inflation is battling an already oversold tech tape."
9. Flash CPI Shock,9. Slow Bleed,Bearish,"The market narrative has shifted from a localized 'AI Scare' to a systemic 'Inflation Shock' following a hot CPI print that came in 0.5% above consensus. This data point effectively extinguished any remaining hopes for a dovish Fed pivot, triggering a violent repricing of risk across the entire curve. Institutional flow was characterized by a 'sell-the-gap' mentality, as the S&P 500 (SPY) surrendered the $500 psychological handle in the pre-market with zero evidence of dip-buying appetite. The persistence of the low-volume drift lower suggests that large-scale participants are de-grossing in anticipation of a 'higher-for-longer' interest rate regime, which disproportionately punishes high-duration growth sectors already reeling from yesterday's margin-compression fears."
9. Flash CPI Shock,10. Retest & Defend,Neutral,"Todayâ€™s session was a masterclass in 'bad news absorption' as the market decoupled from a significantly hawkish CPI print to defend key structural support. The narrative of 'inflation-driven liquidation' was initially triggered by the 0.5% beat in headline CPI, which threatened to extend the previous session's 'AI Scare' rout. However, the price action told a different story: institutional buyers aggressively defended the $498 support levelâ€”a perfect retest of former resistanceâ€”forcing a reversal that saw the S&P 500 (SPY) reclaim its $500 psychological handle. This 'dip-and-rip' dynamic suggests that the market may have reached a short-term point of exhaustion for sellers, where even the threat of more aggressive Fed hikes was insufficient to break the structural floor. While the macro backdrop remains challenging, the session's verdict is one of resilient price discovery and a refusal to capitulate to the inflation narrative."
10. Recessionary Signals,1. Vertical Ascension,Bullish,"The market has pivoted into a classic 'Bad News is Good News' regime, as participants aggressively bid up the S&P 500 in response to industrial production and manufacturing data hitting 3-year lows. While the macro data suggests a deepening economic contraction, institutional flow is interpreting this weakness as a primary catalyst for an accelerated Fed pivot. The vertical lift in SPYâ€”surging from a $500 close to $508 in the pre-marketâ€”indicates a total acceptance of higher prices and a high-velocity short squeeze. This price action effectively neutralizes the 'AI Scare' narrative from the previous session, as the focus shifts from margin erosion to the prospect of systemic liquidity injections to counter a manufacturing slump."
10. Recessionary Signals,2. V-Bottom Recovery,Neutral,"The session was defined by a high-stakes battle between deteriorating macro fundamentals and institutional dip-buying. While three-year lows in manufacturing data initially triggered a violent pre-market liquidationâ€”pushing the S&P 500 into a major demand zone at 495â€”the subsequent V-recovery signaled a robust rejection of immediate downside follow-through. This price action suggests that after the prior session's $1.2 trillion 'AI Scare' liquidation, market participants are shifting from panic to price discovery, seeking to establish a floor despite clear evidence of economic contraction. The successful reclamation of the previous close indicates that institutional support is currently countering the recessionary narrative, though the lack of broad-based sector participation data leaves the sustainability of this bounce in question."
10. Recessionary Signals,4. Open Sky Gap,Bullish,"The market executed a violent 'bad news is good news' reversal, shrugging off three-year lows in manufacturing data to stage a massive gap-up and session of new price discovery. This price action suggests a fundamental narrative shift: institutional desks are now viewing 'deep contraction' indicators as a primary catalyst for an aggressive Fed pivot rather than a reason for further liquidation. By gapping over all local resistance and finding acceptance at the $512 level, the market has effectively invalidated the 'AI Scare' bearishness of the previous session, choosing instead to front-run the liquidity injection typically associated with a cooling industrial economy."
10. Recessionary Signals,3. Waterfall Liquidation,Bearish,"The market narrative shifted from a localized 'AI Scare' to a systemic 'Growth Scare' as industrial production and manufacturing data plunged to 3-year lows, signaling a deep economic contraction. This fundamental deterioration triggered a high-conviction cascade liquidation in the S&P 500, characterized by an aggressive gap-down and a total absence of institutional bids at previous support levels. The 'soft landing' thesis has been effectively discarded by the market, replaced by a 'Sell Everything' dynamic as forward-looking indicators suggest the manufacturing sector is entering a period of severe atrophy. This session represents a transition from valuation repricing to a fundamental de-risking event, with price action suggesting that institutional desks are prioritizing liquidity over value-seeking."
10. Recessionary Signals,5. Tight Compression,Neutral,"The market entered a state of 'shock-induced paralysis' during the session, as a dismal three-year low in manufacturing data failed to catalyze further downside following the previous session's $1.2 trillion liquidation. This non-reaction to recessionary data suggests a temporary exhaustion of selling pressure, yet the lack of a 'buy-the-dip' response indicates that institutional appetite remains suppressed by the 'AI Scare' and deteriorating macro fundamentals. With the S&P 500 pinned to its previous close in a low-volume stalemate, the regime has transitioned from aggressive liquidation to a cautious wait-and-see period, as the market digests the dual threats of industrial contraction and margin erosion in the tech sector."
10. Recessionary Signals,6. Bull Trap,Bearish,"Today's session was defined by a textbook 'bull trap' that powerfully reinforced the prevailing bearish regime. An early attempt to stage a relief rally was aggressively sold into as dismal industrial production and manufacturing dataâ€”hitting three-year lowsâ€”shifted the market narrative from sector-specific AI fears to a broader macroeconomic contraction. The failure to sustain the early lift to $505 in the SPY, followed by a sharp collapse to $498, confirms that institutional capital is utilizing intraday liquidity to de-risk rather than accumulate. This price action suggests a transition from a 'growth scare' to 'recessionary pricing,' as forward-looking indicators now point toward a deepening contraction in the real economy, leaving the market vulnerable to further downside discovery."
10. Recessionary Signals,7. Bull Flag,Bullish,"The market session was defined by a profound disconnect between deteriorating macro fundamentals and resilient price action, signaling a potential shift toward a 'bad news is good news' regime. Despite industrial production and manufacturing data collapsing to three-year lowsâ€”a clear signal of a deepening contractionâ€”the S&P 500 (SPY) defied the bearish narrative with a gap-up and a high-conviction flag formation. This suggests that institutional participants are looking past the industrial slump, perhaps positioning for an aggressive Fed pivot or a fiscal response to the manufacturing malaise. The refusal of the index to fill its opening gap, even in the face of recessionary forward indicators, points to a state of price discovery where the market is prioritizing liquidity and potential policy easing over immediate economic health."
10. Recessionary Signals,8. High Volume Shakeout,Neutral,"The market regime has transitioned from a tech-centric 'AI Scare' to a broader 'Growth Scare' as industrial production and manufacturing data plunged to three-year lows. This fundamental deterioration suggests a deepening economic contraction, yet the price action in the S&P 500 signaled a state of high-volatility equilibrium rather than continued liquidation. The session was defined by a violent 'washout' dynamic, where 1% intraday swings cleared liquidity above $505 and below $495 before returning to a flat close. This suggests that while the macro outlook is worsening, the immediate bearish momentum from the prior session's AI rout has met a temporary exhaustion point, with institutional participants now paralyzed between recessionary fears and the need to defend psychological support levels ahead of the upcoming CPI release."
10. Recessionary Signals,9. Slow Bleed,Bearish,"The market narrative has pivoted from a sector-specific 'AI Scare' to a broader 'Macro Contraction' regime following manufacturing data hitting 3-year lows. This fundamental deterioration is being met with institutional apathy, as evidenced by SPYâ€™s persistent pre-market drift lower without any meaningful attempt to reclaim the $500 psychological handle. The lack of dip-buying suggests that the bearish conviction from the prior session is being reinforced by hard economic data, transitioning the market from a valuation reset into a growth-scare liquidation. With forward-looking indicators suggesting a deep contraction, the market is currently in a 'price discovery' phase to the downside, searching for a macro floor that has yet to materialize."
10. Recessionary Signals,10. Retest & Defend,Neutral,"The market opened to deeply concerning economic news, with industrial production and manufacturing data hitting 3-year lows and forward-looking indicators suggesting a looming contraction. This macro trigger, typically bearish, was met with a nuanced reaction in the S&P 500. SPY initially dipped, perfectly retesting and holding its prior breakout level at $498, which served as a strong technical support. Buyers aggressively stepped in, driving SPY to close at $502, above its previous day's close of $500. This resilience in the face of significant economic headwinds suggests a market attempting to find a footing, possibly anticipating a dovish Fed pivot or simply absorbing the bad news without panicking. However, the lack of broader market participation data (QQQ, IWM, DIA) and intermarket flows (Bonds, Commodities, Currencies, Volatility) prevents a definitive shift to a bullish stance, leaving the market in a state of cautious indecision as it grapples with conflicting macro fears and technical support."
